COURSE,DESTINATION,DWT,ELAPSED,FLAG,GT_SHIPTYPE,HEADING,LAT,LENGTH,LON,L_FORE,ROT,SHIPNAME,SHIPTYPE,SHIP_ID,SPEED,STATUS_NAME,TYPE_IMG,TYPE_NAME,WIDTH,W_LEFT
323,AL SHAHEEN SPM 2,441893,30,MH,56,340,26.588024,380,52.034393,322,0,FSO ASIA,8,712703,0,,,,68,41
190,OMSOH,400440,29,HK,8,104,24.589514,359,56.726486,309,-1,ORE SHANDONG,7,732723,0,,,,64,40
43,,355015,619,TV,56,310,29.123167,334,49.482498,320,,KHALIJ E FARS,8,735258,1,,,,60,32
336,SA RTA,323182,36,MH,17,,27.140158,332,50.259941,282,,SOUTH LOYALTY,8,106766,362,,,,60,34
55,SA RTA,321300,29,MH,17,288,25.769766,333,53.4561,282,0,PLATA SOUTH,8,713172,5,,,,60,30
71,SARTA,321300,30,MT,17,345,26.926167,333,50.041431,275,,ANDROMEDA,8,213628,0,,,,60,23
270,SA RTA,321136,29,IN,17,271,26.364,333,54.277515,279,0,DESH VISHAL,8,656517,130,,,,60,32
314,SARTA,320926,28,SA,17,,25.859898,333,54.203255,283,0,AMZAN,8,756248,118,,,,60,38
256,AEKLF,320596,34,SA,17,169,25.348957,332,56.528118,274,0,HAZM,8,5842469,0,,,,60,28
239,BASRAH,320411,31,IN,17,298,29.702999,333,48.802567,282,0,DESH VIRAAT,8,656429,0,,,,60,29
217,OPL KHOR FAKKAN,320105,30,LR,17,149,25.63205,333,56.906467,279,0,EUROSPIRIT,8,713697,0,,,,60,34
124,FOR ORDERS,320105,28,MH,17,127,23.405903,333,59.694935,283,0,DHT OPAL,8,713465,121,,,,60,25
311,FOR ORDERS,319713,29,MH,17,34,24.028826,336,58.549355,281,0,DHT STALLION,8,5487801,8,,,,60,28
288,KUWAITI FLAG,319704,29,KW,17,288,26.176193,332,53.536926,279,0,AL RIQQA,8,675963,128,,,,60,28
60,CNZHA,319616,29,MH,17,60,25.836535,339,55.482471,283,0,OLYMPIC TRUST,8,714758,138,,,,60,23
343,AESHJ,319547,28,LR,17,285,27.178013,333,56.039227,280,-1,VL PROSPERITY,8,3566635,256,,,,60,21
181,CAPETOWN,319439,32,MH,71,,21.553799,333,59.930233,279,,AS SUWAYQ,8,713756,91,,,,60,31
78,OM MFH,319398,964,GR,17,80,25.655317,336,55.118061,283,0,MARAN APHRODITE,8,5448105,120,,,,60,34
58,OMMFH,319368,62,GR,17,62,23.674688,339,58.545361,284,0,OLYMPIC LEOPARD,8,714788,35,,,,60,23
347,ZA DUR,319329,28,SA,17,118,27.178503,333,56.039246,277,0,FARHAH,8,754403,3,,,,60,33
107,CN HUI,319063,28,MT,17,107,24.364973,333,58.043594,277,0,SEAKING,8,713979,125,,,,60,27
74,AE FJR FOR ORDERS,319000,34,MT,71,100,23.821272,333,61.281879,282,,ZOURVA,8,2874,37,,,,60,28
33,FUJAIRAH,318833,29,GR,17,33,25.164452,333,56.660828,280,0,MARAN LYNX,8,731692,4,,,,60,34
178,QUANZHOU CHINA,318625,34,HK,71,179,26.253952,332,56.650772,277,0,NEW CONSTANT,8,3961882,116,,,,60,34
264,MINA AL AHMADI,318292,38,HK,17,341,29.067953,333,48.172295,282,0,NEW DREAM,8,689860,0,,,,60,38
97,CNZOS,318000,38,SA,17,99,24.010559,332,57.933399,278,0,BAYRAQ,8,5859042,121,,,,60,28
284,IQ BSR,317952,143,LR,17,294,27.14555,333,51.883018,282,0,KALAMOS,8,730165,65,,,,60,38
106,KRONS,317563,29,SA,17,106,25.67021,333,54.526299,278,0,SAHBA,8,372935,116,,,,60,37
308,ORD,317519,33,IR,17,,20.984913,333,63.572552,283,,SEA STAR III,8,768088,120,,,,60,30
248,LARAK OPL,317367,32,IR,17,20,25.679111,333,56.712055,280,,HAWK,8,768120,0,,,,60,30
273,SARTA,316679,201,GR,17,332,23.486029,336,62.234646,282,,APOLYTARES,8,213964,44,,,,60,36
224,SARAR-KUWAITI FLAG,316648,140,KW,17,354,28.451847,333,48.611973,280,,AL FUNTAS,8,676005,0,,,,60,22
158,RAS LAFFAN,316635,645,IN,17,,25.901548,332,51.648315,297,,DESH VIBHOR,8,2601376,115,,,,59,15
353,FOR ORDER,316217,28,IN,17,221,27.179701,333,56.039001,279,0,DESH UJAALA,8,656169,192,,,,60,35
39,SARTA,314183,31,GR,71,307,26.666908,333,50.237652,282,0,MARAN CLEO,8,214857,0,,,,60,35
142,KHOR FAKKAN,314000,29,PA,71,139,25.254416,336,57.223652,283,0,STAR TWINKLE 6,8,420760,131,,,,59,15
111,CNNBG,313874,30,PA,17,110,25.072727,336,57.06068,274,0,C.PRIMACY,8,407113,125,,,,60,23
166,SA RTA,312611,30,LR,17,348,27.333155,338,52.450535,289,0,TENRYU,8,5935761,507,,,,60,37
,AE DAS,312501,31,PA,17,330,25.079056,339,52.940861,288,0,BRIGHT CREST,8,5952197,0,,,,60,35
286,SA RTA,311979,1181,LR,17,,22.289917,339,65.403023,284,,TATESHINA,8,6812176,65,,,,60,31
279,,,687,,,,22.565001,,64.21833,,,[SAT-AIS],8,TmprM056WXdOamszTnpZd05qazNOdz09LVJjZmVYb0lEc2dvTlFjblFoU0tONVE9PQ==,100,Underway using Engine,8,Tanker,,
139,QUANZHOU CHINA,311080,119,HK,17,,23.03376,332,60.543449,286,,NEW HONOR,8,5318548,106,,,,60,26
296,AE FAT,310924,80,LR,17,,23.122593,339,61.001625,286,,TENSHO,8,7051152,110,,,,60,34
96,SARTA>>>CNQZH,310444,29,HK,71,92,27.133778,333,51.586807,283,0,NEW ENTERPRISE,8,685177,81,,,,60,35
102,JPKII,310406,450,MH,17,108,23.828081,333,60.495865,280,0,KAZUSA,8,713099,103,,,,60,34
265,KW MEA,309741,32,LR,17,,26.035168,333,54.781933,282,,NAVE SYNERGY,8,754813,78,,,,60,40
126,INSIK,309625,35,SG,17,,22.337975,332,67.185638,281,,PHOENIX VIGOR,8,728292,85,,,,60,25
215,FOR ORDERS,308285,33,HK,17,,21.789906,332,61.597061,278,,LANDBRIDGEPROSPERITY,8,4385384,25,,,,60,34
319,RAS TANURA,307307,33,HK,17,,22.464989,332,60.798054,276,,NEW VALOR,8,7076952,121,,,,60,34
344,FUJAIRAH,307284,355,LR,17,,24.675678,332,57.741512,279,,PLATA CARRIER,8,118791,11,,,,58,51
220,DUBAI,307284,31,MH,17,239,25.396374,334,55.022514,276,0,MONACO LOYALTY,8,714757,0,,,,58,38
7,SOHAR OM,306324,35,AW,17,7,24.599916,334,56.803368,166,,KSECOND,8,8785427,0,,,,58,29
56,QA SHA,305206,131,PA,17,116,23.682714,333,63.70956,282,0,OMEGA TRADER,8,198486,39,,,,60,28
306,SG SIN>AE ZUR,302093,33,BS,17,,21.881767,330,61.808811,285,,HELIOS,8,7359417,96,,,,60,35
311,AE ZUR,302068,30,SG,17,312,24.491817,333,57.255615,283,0,AZUMASAN,8,726892,118,,,,60,25
222,HALUL -QATAR,301861,29,LR,17,221,26.421804,333,56.111462,282,0,FPMC C KNIGHT,8,755068,133,,,,60,33
63,TWMLI,301781,28,SG,17,65,26.025387,330,54.783733,286,0,PERTAMINA PRIME,8,6571896,126,,,,60,35
,AEDXB,300759,29,SA,17,307,25.249149,336,55.266476,281,0,SIDR,8,6070800,0,,,,60,34
244,FOR ORDER,300149,37,CM,17,178,25.858732,332,56.917648,280,,LILLIAN,8,704461,0,,,,60,30
329,SA RTA>SA RAR,300000,29,MH,17,328,28.208687,332,50.4608,277,0,FRONT BEAVER,8,7765292,130,,,,60,23
344,CNDAG>IQKAZ,300000,28,LR,17,343,26.458355,329,52.726353,274,0,UNIVERSAL FRONTIER,8,5851251,101,,,,60,27
132,KR ONS,300000,31,MY,17,,21.02795,336,65.943115,280,,EAGLE VELLORE,8,7881648,110,,,,60,30
134,CNNBO,299999,33,PA,17,,21.48933,330,61.823631,278,,SAIQ,8,417211,103,,,,60,38
310,SARTA,299999,845,LR,17,,20.719133,333,64.899597,279,,GEORGIOS,8,754046,123,,,,60,29
307,,,112,,,,22.618549,,62.799667,,,[SAT-AIS],8,TWpJMU5EYzJNakkxTkRjMk1qSTFOQT09LVE2V3JXSEhmVFExZEU5ZXRCMkRjVmc9PQ==,148,Underway using Engine,8,Tanker,,
275,SARAR,299998,83,GR,17,280,27.160593,329,51.689785,274,0,AMANTEA,8,6502584,141,,,,60,28
159,MADE ILD>AEFJR,299998,28,MH,17,160,22.761309,336,60.212666,281,0,ADVANTAGE VERITY,8,4348420,106,,,,60,28
,AEJED,299996,29,LR,17,338,24.19924,332,52.69138,0,0,BOSTON,8,755524,1,,,,60,0
123,SGPEBG,299682,30,MH,17,,24.882145,332,57.637238,274,,V. ADVANCE,8,5887125,130,,,,60,33
288,KRYOS-IQMAB,299682,29,MH,17,290,27.254507,330,51.238659,274,0,V. HARMONY,8,5974672,128,,,,60,33
146,AEKLF>QAUMS,297538,29,BS,17,342,25.341988,330,51.824654,278,0,KOKKARI,8,372194,1,,,,60,23
283,FOR ORDER,297412,34,LR,17,,23.798622,330,58.933681,280,,FPMC C ORIENT,8,755513,133,,,,60,24
116,SGP,210000,253,LR,6,,22.241755,299,62.494267,258,,LONG MAY,7,6096528,121,,,,50,47
142,AEAUH,204332,28,LR,11,142,24.884403,366,54.625515,113,0,MSC ORSOLA,7,8187738,123,,,,51,31
81,MUNDRA,202060,28,LR,11,79,23.822184,366,64.881783,113,9,MSC MARIACRISTINA,7,8880594,190,,,,51,16
114,BAHRAIN,182002,28,PT,6,0,26.874226,291,51.224541,254,0,GINA OLDENDORFF,7,7580267,8,,,,45,27
136,QAUMS>OMSOH,180330,30,LR,6,31,24.951811,295,51.591888,243,0,CAPE CYNTHIA,7,731804,0,,,,46,29
332,AE MSA,180310,28,LR,6,16,25.978386,288,56.044968,250,0,DEYI EXCELLENCE,7,117612,6,,,,45,28
1,IN KRI > IN BED,180246,60,HK,6,,22.150549,295,68.796043,255,,GREAT TANG,7,687303,88,,,,46,17
182,BRTBR,180242,34,PA,6,,20.771133,289,61.053131,250,,NAVIOS PHOENIX,7,461126,95,,,,45,28
294,QAUMS,179655,31,LR,6,348,25.908726,291,52.330147,250,0,TRUE CRUSADER,7,4461682,0,,,,45,17
42,SG PUB > QA UMS,163216,140,MH,17,96,24.206333,274,61.198215,231,,ARCHANGEL,8,212653,12,,,,50,28
253,INSIK>AEFJR,162187,952,LR,71,,22.0994,276,68.746735,230,,TATAKI,8,754584,79,,,,50,17
140,AQABA,159453,70,LR,17,142,23.519978,274,59.447693,226,0,NEW PRIDE,8,369331,103,,,,48,17
270,AE DAS,159152,1213,IN,17,,22.120708,274,68.538284,230,,CENTURY,8,715903,93,,,,48,21
302,,,935,,,,22.313114,,67.68187,,,[SAT-AIS],8,TXpJMk5EY3hNekkyTkRjeE16STJOQT09LXFQQll0L2lhdUdTREttRnVYUjM3VWc9PQ==,118,Underway using Engine,8,Tanker,,
256,BH SIT,158710,29,IN,17,,26.185633,274,50.667648,229,,DESH ABHIMAAN,8,213380,0,,,,48,18
279,FUJAIRAH,158030,31,IN,17,,21.402834,273,66.934364,230,,DESH SHANTI,8,656135,78,,,,48,18
307,FUJAIRAH FOR ORDERS,157620,34,MH,17,,21.30044,276,62.38343,240,,FREUD,8,5012514,146,,,,48,26
105,EGSUZ,157391,29,MT,71,104,27.089384,276,52.050308,225,0,ANTIGUA I,8,4385468,110,,,,48,42
139,AERUW>NLRTM,156712,93,GR,17,148,23.051498,270,60.221413,235,3,DR IRENE TSAKOS,8,9553040,113,,,,46,15
276,EG SUZ,156559,85,PA,17,,22.894428,277,61.33007,229,,SEA ICON,8,5219928,123,,,,48,18
354,FOR ORDERS,156493,130,BS,17,,24.200407,274,61.345707,228,,BEIJING SPIRIT,8,858242,86,,,,48,13
129,FOR ORDERS,156480,31,BS,17,129,24.639946,274,57.975132,238,1,MOSCOW SPIRIT,8,713276,123,,,,48,34
140,RAS LAFFAN PIER 1,154940,28,MH,18,139,26.229498,345,51.723526,282,1,AL GHUWAIRIYA,8,712592,156,,,,55,40
10,IRUQR,154792,32,PA,11,305,29.285,365,48.99168,146,0,MSC LAUREN,7,412273,0,,,,48,32
151,FUJAIRAH,149999,218,LR,17,151,27.260944,274,50.89917,232,0,GIANNIS,8,754788,118,,,,50,34
273,FUJAIRAH,149999,53,LR,17,290,24.319242,274,59.219032,235,0,AMAZON,8,754790,130,,,,50,32
292,FUJAIRAH,149998,525,LR,17,288,22.469534,276,63.597466,232,0,PISSIOTIS,8,754587,118,,,,50,34
288,,,112,,,,22.971634,,62.158081,,,[SAT-AIS],8,TXprMU5UUXhNemsxTlRReE16azFOUT09LVYrYUVhYldqUHNIMDBHd2xFd2Y1dlE9PQ==,118,Underway using Engine,8,Tanker,,
324,IR-BND,148582,491,IR,11,,21.663891,366,67.206154,112,,BARZIN,7,5560436,138,,,,48,14
300,,,76,,,,22.485001,,65.709999,,,[SAT-AIS],7,TXpJeU1EazJNekl5TURrMk16SXlNQT09LVA1QjdEWUozTDJUZ25FUEFwZG5ndnc9PQ==,140,Underway using Engine,7,Cargo Vessel,,
138,FAR EAST,130441,39,MH,18,,20.77486,345,62.54726,290,,AL MAFYAR,8,712650,148,,,,53,35
77,QATAR,130059,33,MH,18,310,25.876278,345,51.792686,325,-3,UMM SLAL,8,712598,3,,,,53,41
317,QA RLF,121639,41,BS,18,316,23.108896,315,59.6217,252,0,DUHAIL,8,370262,177,,,,50,30
254,KWMZR,115928,28,LR,17,256,28.954483,248,49.762508,206,0,SINBAD,8,279928,133,,,,43,17
294,FUJAIRAH,115690,125,LR,17,,22.822159,249,62.458427,208,,OMERA GALAXY,8,214768,123,,,,43,19
163,IN MUN,115525,65,PA,17,,22.203749,249,68.613853,218,,BREEZE III,8,375403,1,,,,43,23
355,JUBAYL SA,115444,28,HK,6,83,27.071995,254,49.672604,228,16,EASTERN RIVER,7,687102,12,,,,43,28
112,HAZIRA,115418,225,GY,17,,21.549477,249,67.506645,211,,INDA,8,753194,43,,,,44,22
300,AEFJR,115414,153,DK,17,,21.856012,250,63.872238,203,,TORM HELENE,8,6784468,96,,,,44,15
352,SAJUB,115322,31,MT,17,25,27.167757,249,49.814224,204,0,LOVELY LADY,8,7834890,10,,,,44,25
265,RUWAIS,115000,29,LR,71,269,24.754341,250,52.79808,206,0,AL BATEEN,8,6160848,143,,,,44,14
73,TURKISH CREW ONBOARD,114880,259,KM,17,,20.850912,250,64.126556,209,,CORTEX,8,754632,118,,,,44,27
181,FUJAIRAH,114790,32,IN,71,,26.051172,249,56.697784,207,,DESH GARIMA,8,656533,113,,,,44,13
339,FOR ORDERS,113959,32,PT,17,,21.007895,250,60.917393,207,,NORDMARLIN,8,5146486,125,,,,44,17
302,AEKLF,112147,34,PA,17,,24.250116,250,58.723301,205,,SEA STAR,8,465303,106,,,,44,18
149,PKKHI,111571,1197,HK,11,,23.892767,336,67.194,258,,XIN BEIJING,7,689330,131,,,,45,31
131,,,933,,,,23.212152,,67.984253,,,[SAT-AIS],7,TkRrMk1USTJORGsyTVRJMk5EazJNUT09LTRYYnpsRHFSS1lVNmRSNmE0NmlSTEE9PQ==,133,Underway using Engine,7,Cargo Vessel,,
,PERSIAN GULF,110673,625,PA,56,,26.725456,246,52.07251,221,,FPSO CYRUS,8,275732,0,,,,42,30
296,AEFJR,109999,1060,SG,17,,22.071934,249,65.76989,208,,PROTEUS PHILIPPA,8,6909493,115,,,,44,15
293,,,706,,,,22.44916,,64.620262,,,[SAT-AIS],8,TVRjeE1ETTRNVGN4TURNNE1UY3hNQT09LUpoQ2VLR0QzT3lSUDA0VG8xMFd4dEE9PQ==,123,Underway using Engine,8,Tanker,,
198,AE FJR,109950,34,GR,17,,21.846519,249,61.096027,203,,SANTHIA,8,9074876,45,,,,44,25
63,AEFJR,109896,170,GR,17,103,23.243151,249,61.593727,205,,MINERVA ZOE,8,5682580,22,,,,44,17
137,IQUQR,109802,28,PT,11,142,30.052999,299,47.935612,226,0,MSC DESIREE,7,4852813,0,,,,48,31
312,KUWAITI VESSEL,109719,140,KW,17,159,28.688217,249,48.556923,204,,AL DASMA,8,676011,0,,,,42,23
246,EG SUZ,109647,715,MW,71,,21.89892,244,67.339577,218,,NIGHT GLORY,8,730528,91,,,,42,10
152,KE MBA,108926,28,LR,17,152,28.152693,245,50.428116,202,0,BLUE INTEGRITY,8,726165,121,,,,42,18
271,,,189,,,,23.142466,,65.120293,,,[SAT-AIS],8,TXpjMU5ETXlNemMxTkRNeU16YzFOQT09LXlidWJlcG9xaWpWSFBaQVp3UnlsR0E9PQ==,118,At Anchor,8,Tanker,,
279,AEFJR,107593,85,GR,17,278,23.52087,243,64.26487,209,-20,ANAFI WARRIOR,8,459604,116,,,,42,26
290,QA RLF,107153,80,MH,18,,24.163902,315,60.386269,250,,AL KHARAITIYAT,8,3967859,158,,,,50,35
219,RASTANURA'KSA,107123,31,PK,17,,24.81259,246,66.974411,209,,SARGODHA,8,731057,0,,,,42,22
93,TIANJIN,107000,28,MH,18,94,26.213535,315,54.185188,262,0,AL GHARRAFA,8,712282,141,,,,50,15
303,ALRAYYAN,106003,144,QA,17,358,26.6975,243,51.638317,204,0,KHAWR ALADID,8,679079,0,,,,42,25
108,IN NML,105746,118,MT,17,116,23.463104,244,60.368965,204,0,MERBABU,8,656400,120,,,,42,25
234,IQ KAZ,105636,30,VN,17,307,29.682783,248,48.675034,208,0,VAN PHONG 1,8,737125,0,,,,43,22
254,RAS TANURA,105304,28,LR,17,254,26.575827,229,56.283108,208,0,UNITED VENTURE,8,754702,111,,,,42,32
137,AE RUW,104862,30,IN,71,305,24.160788,244,52.729336,202,0,SWARNA KAMAL,8,656479,105,,,,42,26
84,QA RLF>BD CGP,104561,28,MH,18,84,26.258671,315,53.227486,265,1,AL UTOURIYA,8,712370,167,,,,50,12
332,MUSAFFAH S1 ANCH,101648,31,AE,6,304,24.733641,253,54.153873,213,0,HAFEET,7,755194,0,,,,40,7
,BAHRAIN,95289,30,BH,18,169,26.233192,294,50.748871,243,0,SEAPEAK BAHRAIN,8,5593665,0,,,,46,9
77,AE KHL,93282,29,CY,6,231,24.818464,229,54.677368,196,0,THALIA,7,5361330,0,,,,38,25
159,GAWADER,93236,430,MT,6,159,25.126551,229,62.454346,195,4,RIVER KING MASTER,7,714289,0,,,,38,16
336,IR BKM,93183,516,PA,6,336,30.06941,229,49.004326,210,0,ROSALINA,7,758504,83,,,,38,19
331,BKM IR,93079,28,HK,6,289,29.693707,229,49.570068,201,0,NEW LEGEND,7,689476,0,,,,38,24
129,QA RLF>SG SIN,93000,274,LR,18,,21.019688,295,64.31424,237,,LIMAIL,8,9034461,156,,,,47,23
193,FOR ORDERS,92713,457,GR,18,300,22.665098,290,59.413235,226,0,MARAN GAS ACHILLES,8,3861068,217,,,,46,24
199,FOR ORDERS,91387,33,LR,18,,22.342257,295,60.504108,235,,LAN,8,6610246,143,,,,45,27
346,PK BQM,90617,341,BS,18,,24.77404,288,67.287155,224,,AL DAAYEN,8,374277,0,,,,43,19
104,AEKLF>>OMSOH,90087,29,PA,11,108,23.819876,316,59.623119,227,0,HAKATA SEOUL,7,418949,182,,,,45,31
0,AE JEA,90029,29,CN,11,159,24.986139,228,55.053246,196,0,ZHONG GU NAN JING,7,7523970,0,,,,40,11
0,FOR ORDERS,89670,335,GR,18,,25.790913,294,51.863453,238,,MARAN GAS DELPHI,8,214912,2,,,,44,24
136,IR BKM,88279,695,LR,6,133,30.435984,229,49.054382,200,,LACON,7,729700,0,,,,38,16
133,INMUN,87672,308,CN,11,115,23.600761,228,62.795532,193,-28,ZHONG GU NAN NING,7,7341190,75,,,,40,16
44,,,685,,,,24.298334,,65.814346,,,[SAT-AIS],8,TWpNeU16STFNak15TXpJMU1qTXlNdz09LTV5WkZnVy9IMUcvQVJRZU4zVXBhRnc9PQ==,128,Underway using Engine,8,Tanker,,
159,SGSIN,81305,158,SG,88,,21.025461,227,63.895988,189,,HAFNIA PIONEER,8,733276,93,,,,37,15
271,SADMN,81171,34,CY,11,,23.878759,299,60.815376,224,,MSC APOLLO,7,417736,182,,,,40,12
113,CNZUH,81021,85,IR,11,,24.879265,304,61.189434,226,,ZARDIS,7,657774,165,,,,40,14
299,PKKHI,80262,852,CY,11,,22.691067,303,69.057098,226,,HYUNDAI SHANGHAI,7,144974,118,,,,40,14
278,,,596,,,,22.908117,,68.216232,,,[SAT-AIS],7,TnpBMk5qWXlOekEyTmpZeU56QTJOZz09LVd5MHMrRmU1VmlYV2owMjZOR1VwQWc9PQ==,113,Underway using Engine,7,Cargo Vessel,,
320,AEFJR,79920,38,PA,17,,22.635071,219,60.913265,181,,GEM NO.3,8,4899299,131,,,,38,14
125,IN MRM,79223,938,MT,6,125,22.186949,229,62.910748,196,13,AP ARGOSY,7,713771,106,,,,32,13
231,SHUAIBA,77834,33,PA,6,326,28.90144,225,48.394932,205,0,NEW HARVE,7,407177,1,,,,32,22
327,QA RLF,77089,138,PA,18,,21.952257,289,63.545448,233,,TAITAR NO.3,8,462336,177,,,,49,32
214,OUTSIDE HRA,76801,69,LR,6,,22.749928,225,60.717033,0,,MINOAN DIGNITY,7,756270,5,,,,32,0
192,ORDER,76606,59,BZ,6,,22.151598,224,59.942261,194,,SOFIA,7,410843,96,,,,32,20
73,B-ABBAS,76554,31,IR,6,171,26.955927,225,56.404099,190,0,DARYABAR,7,1062495,0,,,,32,14
274,PK BQM,76067,334,HK,6,272,24.586824,225,65.071411,198,0,PHOENIX OCEAN,7,686517,111,,,,32,24
269,,,76,,,,24.608334,,64.165001,,,[SAT-AIS],7,TWpnNE1UUTVNamc0TVRRNU1qZzRNUT09LXlWYlZ3c3BCb1phWW5JNDFIVUU5d3c9PQ==,100,Underway using Engine,7,Cargo Vessel,,
274,DAMMAM,75256,29,PA,6,193,26.495966,224,50.206352,184,0,EILEEN,7,417319,0,,,,32,15
163,OMSOH>>MGTMM,74997,32,SG,17,,21.256821,220,60.579151,181,,HAFNIA PRESTIGE,8,4635408,95,,,,38,10
257,IQ KAZ,74902,31,MH,71,327,30.187183,228,47.890949,191,0,MAGIC VICTORIA,8,713891,0,,,,32,22
280,JEBEL ALI,74834,74,MT,71,,23.926918,228,58.806366,190,,SERENO,8,754468,138,,,,32,21
89,FOR,74602,882,MH,17,94,22.98003,228,62.743225,190,9,ADVANTAGE PARADISE,8,755106,118,,,,32,7
86,,,76,,,,23.051666,,65.691666,,,[SAT-AIS],8,TmpJd016RTROakl3TXpFNE5qSXdNdz09LWRtMGlzSUpFT2M1MkFtSDhHYmcrb0E9PQ==,120,Underway using Engine,8,Tanker,,
2,PK KHI,73774,45,MH,71,,24.100508,228,66.777267,199,,VOULA,8,728301,95,,,,32,22
4,AEFJR,73701,357,DK,71,359,23.158001,229,60.434734,200,,TORM VENTURE,8,313043,71,,,,32,8
65,"MUNDRA,INDIA",73400,186,MH,17,,21.362829,228,67.377075,183,,CAPOEIRA,8,757955,120,,,,32,9
290,AEFJR,73334,334,LR,17,288,22.520256,228,62.189785,200,0,MAISTROS,8,754448,121,,,,32,16
39,JABEL ALI UAE,73289,83,LR,17,42,26.544003,228,51.037495,185,0,MELTEMI,8,754446,120,,,,32,19
303,IR BND,72600,34,IR,6,228,25.408953,225,57.688492,189,,ARVIN,7,1151138,8,,,,32,16
200,SHUAIBA,72493,31,PA,6,291,29.283567,225,49.267139,193,0,MDL KAMRAN,7,150508,0,,,,32,21
282,AE DXB,71997,131,PA,18,,22.12463,297,66.543182,239,,SOHAR LNG,8,420313,153,,,,45,46
321,BASRAH,69629,28,PW,17,324,26.731537,228,52.902294,194,0,PIONEER SAM,8,711812,113,,,,32,18
105,AEJAL>INLT4,69193,100,HK,11,,24.774105,249,59.817719,190,,MAERSK CUBANGO,7,686078,120,,,,37,27
279,SADMM,68142,30,LR,11,280,25.428167,274,54.412914,180,-3,TONSBERG,7,757459,170,,,,40,10
305,AEJEA,67039,30,CN,11,,25.208094,255,57.992271,199,,XIN HANG ZHOU,7,650216,128,,,,37,13
107,PKKHI,66940,30,SG,11,,24.837351,280,66.977654,206,,ARAYA BHUM,7,461595,0,,,,40,28
241,QAHMD>SADMN,63732,30,PA,6,347,26.607918,199,50.28717,171,,AFRICAN FALCON,7,8919704,0,,,,32,20
274,RAS AL.KHAIR,63610,321,MT,6,265,24.687639,199,62.844105,170,0,KIRAN ISTANBUL,7,2890,126,,,,32,12
229,SOHAR,63606,34,MH,6,328,24.494343,199,56.625965,169,,CLIPPER TERESA,7,5313165,0,,,,32,12
301,SA JUB,63600,780,MH,6,,21.096983,199,66.509956,179,,YASA MOON,7,9312870,108,,,,32,10
287,,,76,,,,22.311666,,64.791664,,,[SAT-AIS],7,T1RnME1EZzFPVGcwTURnMU9UZzBNQT09LTM5eWZ2NnFqTmU1VGovZE1aNlQvSUE9PQ==,120,Underway using Engine,7,Cargo Vessel,,
,BHSIT,63403,31,PT,6,320,26.159092,199,50.672379,171,0,APEX,7,4233588,0,,,,32,7
229,QASIM,63268,260,HK,6,231,23.525438,199,65.515228,171,-3,BBG FOREVER,7,5592536,95,,,,32,10
286,IDHZA,61424,31,LR,6,,21.594507,199,65.831604,171,,ARYA,7,1043817,106,,,,32,10
184,JUBAIL,61250,43,HK,9,,27.459181,199,52.641628,185,,TAI XING,7,6878565,580,,,,32,14
191,KE MBA,60155,32,MH,6,,20.742388,199,59.507282,170,,ANTE TOPIC,7,4515522,83,,,,32,9
126,PARADIP,58682,113,SG,6,,22.198706,197,61.938919,169,,PROPEL GLORY,7,384795,91,,,,32,14
257,RAS LAFFAN,58265,29,PA,19,258,26.227184,229,53.647839,187,0,PERTAMINA GAS DAHLIA,8,8731290,121,,,,37,19
,AERUW,57369,37,LR,6,316,24.132854,190,52.780155,159,0,ABU AL ABYAD,7,755084,0,,,,32,12
302,INPAV,56719,790,PA,6,,21.705772,189,66.777466,160,,SINGAPORE BULKER,7,732753,90,,,,32,12
314,SA DMN,56562,28,KN,6,314,25.571472,190,53.923687,161,0,NEPTUNE MARINE,7,732649,105,,,,32,14
253,OM SLL,56539,259,MH,6,238,23.21722,189,63.409546,0,0,XIN HAI TONG 37,7,713523,79,,,,32,0
245,,,187,,,,23.147449,,63.23214,,,[SAT-AIS],7,TVRnNU16WTVNVGc1TXpZNU1UZzVNdz09LVBpTVdsV05NeEJmR240cFpJSzJqYXc9PQ==,86,Underway using Engine,7,Cargo Vessel,,
254,IQ UQR,55623,28,PA,6,253,26.387428,189,55.601913,166,0,PVT DIAMOND,7,5829759,100,,,,32,19
266,OMSOH,55621,146,PA,6,269,23.854975,189,63.693047,162,,TK ORTAKOY,7,463918,113,,,,32,19
204,ZAKUM,54141,567,LU,73,304,25.043776,181,53.717342,32,,CHARLES DARWIN,3,297935,1,,,,40,22
200,IRBND,53565,153,IR,6,,27.146708,190,56.062004,167,,ARSHAM,7,657884,192,,,,32,22
108,CHINA,53565,534,IR,6,,24.713062,190,60.450569,160,,BASKAR,7,657848,95,,,,32,16
105,,,499,,,,24.686829,,60.548626,,,[SAT-AIS],7,T1RNNU5qVTJPVE01TmpVMk9UTTVOZz09LWZiRWdJSWxETWhKdm1sSkNPQ1IvVUE9PQ==,96,Underway using Engine,7,Cargo Vessel,,
129,IN ENR,53503,35,IN,19,,24.963125,227,58.184776,188,,NANDA DEVI,8,374107,17,,,,36,20
283,SA DMM,52455,28,PA,6,278,24.316973,189,62.695881,162,0,GRAMMY BRAVE,7,335100,113,,,,32,16
99,VN HPH,52344,64,PA,6,98,24.898727,189,58.507072,163,0,SEA PEARL,7,335526,81,,,,32,16
251,SOHAR,52261,32,PW,6,175,24.396999,190,56.873055,161,0,ZX GLORY,7,654986,0,,,,32,12
92,INMUN,50900,747,IN,11,94,23.510443,260,62.106586,195,0,SSL BRAHMAPUTRA,7,757301,123,,,,32,16
270,KARACHI,50344,521,PA,6,,24.670429,189,66.214386,167,,CHORUS V,7,9594965,103,,,,32,13
266,,,255,,,,24.636255,,65.403206,,,[SAT-AIS],7,TXpVd01EYzNNelV3TURjM016VXdNQT09LUtjdFlyazZSa0loWGFESEZlNFdDVFE9PQ==,108,Underway using Engine,7,Cargo Vessel,,
284,DAMMAM,50296,90,PA,6,,22.06855,189,66.797401,163,,FU HUA,7,727202,88,,,,32,14
201,FOR ORDERS,50209,90,MT,88,213,23.50629,183,60.804081,149,,KOURION,8,465906,25,,,,32,10
262,IN HZR,50113,160,MH,88,,22.967968,183,63.874065,149,,AGISILAOS,8,7565526,118,,,,32,10
335,AEFJR,49999,32,MH,88,,20.775934,183,61.196285,149,,ELANDRA SEA,8,725920,128,,,,32,8
97,CNXMG,49995,160,SG,88,,23.219259,182,63.946365,148,,MARITIME AMITY,8,6456627,113,,,,35,11
105,,,1100,,,,22.994768,,63.347107,,,[SAT-AIS],8,TWpJNE5Ea3dNakk0TkRrd01qSTROQT09LXczenRUeStrYzZkSmtNekozaklOS2c9PQ==,103,Underway using Engine,8,Tanker,,
4,AEFJR,49990,34,MH,88,,21.76017,183,60.715466,146,,YASA SEAGULL,8,4797021,22,,,,32,13
268,SIKKA ANCHORAGE,49836,138,KY,88,,22.829212,182,68.416031,147,,SAIPH,8,9161553,123,,,,32,12
255,IR BUZ,49288,28,IR,88,321,28.996759,183,50.831558,147,0,MATISA,8,5735098,81,,,,32,8
271,JUB SA,48309,32,PA,88,270,24.152384,182,64.960014,149,0,ELKOR,8,757593,116,,,,32,16
290,AE JEA,47267,35,LR,11,,24.152308,239,57.678726,185,,HANSA EUROPE,7,142785,123,,,,32,21
306,SOHAR,47198,168,GN,88,,21.667089,182,63.980389,145,,NOBLE,8,8951314,103,,,,32,23
184,COCHIN,47141,74,IN,71,184,20.843908,182,68.699471,144,,SANMAR SANTOOR,8,713348,105,,,,32,16
166,JUBAIL,46308,34,PA,88,,28.612267,183,50.138119,142,,SWIFT FALCON,8,714687,130,,,,32,14
95,SIN SG,46166,120,PA,88,,24.697889,181,60.638683,144,,QUARTZ,8,5892443,93,,,,32,16
129,KW SAA,45862,254,PA,6,130,27.977882,188,50.773735,159,0,PRINCESS SUZAN,7,373152,88,,,,31,17
279,SA RAZ,45471,30,SA,88,35,27.700108,182,49.44408,156,,NCC SAMA,8,475445,0,,,,32,8
274,AE JEA TO KW SAA,44593,29,PA,9,274,28.868893,185,49.196507,163,0,JIN XING YUAN,7,649992,100,,,,32,16
241,PKPQ1,42011,104,LR,11,241,23.410954,230,64.582947,178,4,HANSA AFRICA,7,758339,172,,,,32,16
324,KWSAA,42000,29,MT,11,323,28.471014,230,50.187511,180,0,CMA CGM DIAMOND,7,758006,130,,,,32,8
294,JEBEL ALI,41740,98,SG,11,293,23.843349,199,64.004242,181,2,X PRESS ALTAIR,7,7335002,141,,,,35,12
133,AUGEX,39685,34,LR,6,,21.559732,179,62.328358,154,,AFRICAN ROLLER,7,3503581,106,,,,30,11
240,QAHMD,39418,28,SG,11,243,25.735195,222,53.158863,175,0,GFS PRESTIGE,7,713791,125,,,,30,14
32,HASBAH OIL FIELD ANC,38695,33,SA,13,331,28.166018,190,49.916798,152,,RAWABI INTEGRITY,3,148025,0,,,,28,14
108,SINGAPORE,38537,524,HK,9,,24.716652,179,60.50716,154,,KSL ANYANG,7,1481503,110,,,,30,9
299,SAJUB,37500,338,HR,6,293,23.548313,189,62.728012,164,-8,AP ZATON,7,209264,126,,,,28,15
288,,,75,,,,23.946667,,61.836666,,,[SAT-AIS],7,T0RJeE16RTNPREl4TXpFM09ESXhNdz09LUdrT2ZRdklDek5MdUUyWktjT2s3Snc9PQ==,110,Underway using Engine,7,Cargo Vessel,,
159,FOR ORDERS,37488,103,LR,6,,22.609777,179,68.015167,153,,KEN MOONYS,7,3816230,116,,,,29,10
251,DUBAI FOR ORDERS,37320,1389,PA,88,237,23.231451,180,65.763901,148,0,KOSOVA,8,278295,16,,,,32,22
29,KWSAA,34083,28,LR,11,30,28.209606,208,49.750107,180,0,MSC POSITANO,7,3279,111,,,,29,21
0,SA RAZ,33526,30,PA,16,359,27.553825,174,49.208557,146,,CHEMROAD JOURNEY,8,3485989,0,,,,27,21
235,SAJED,32936,32,SG,11,,21.237417,213,61.130199,168,,WAN HAI 311,7,726504,131,,,,32,16
192,BH MIN,32922,674,MH,6,341,26.149477,177,50.757313,152,,SEAHOPE,7,126085,0,,,,28,14
100,SHUWAYKH,30346,30,MT,4,100,29.350206,199,47.918793,184,0,PARANDOWSKI,7,121452,0,,,,27,18
107,COLOMBO,30196,839,TH,6,106,24.533827,178,59.342628,142,0,MAYUREE NAREE,7,734405,96,,,,28,8
103,,,709,,,,24.426069,,59.705093,,,[SAT-AIS],7,T1RNM01qTTBPVE0zTWpNME9UTTNNZz09LWlsb2hQVVdTZmhWQU53TTRGRkRDT1E9PQ==,93,Underway using Engine,7,Cargo Vessel,,
312,AE JEBEL ALI,29370,31,PA,11,,20.728252,167,65.820946,153,,CHI QIANG CHENG XING,7,8925447,78,,,,27,19
122,LKCMB,29091,332,CN,11,,23.211985,171,60.843914,165,,HAO BO 01,7,9399572,150,,,,27,14
128,,,76,,,,22.596666,,61.726665,,,[SAT-AIS],7,T0RJME9EY3dPREkwT0Rjd09ESTBPQT09LXZMUHgrU3U2YWU3YlpkaFNkUTFRc1E9PQ==,130,Underway using Engine,7,Cargo Vessel,,
99,IN IXY,28414,90,LR,6,,24.184683,169,60.441883,143,,LIBERATOR,7,756317,96,,,,27,20
280,UMM SHAIF FIELD,28270,30,AE,160,330,25.20923,196,53.174484,25,0,DLS 4200,3,680239,0,,,,43,10
114,IN IXY,28104,69,SG,19,,24.127739,180,60.021248,150,,SAKURA SPIRIT,8,4867927,135,,,,28,10
295,,,597,,,,22.521667,,66.695,,,[SAT-AIS],7,TlRBMU16UTNOVEExTXpRM05UQTFNdz09LWZQL1NlV1cydVArU3RkMWpTWENkM1E9PQ==,100,Underway using Engine,7,Cargo Vessel,,
73,CJK,27292,322,CN,9,74,23.13987,179,62.84008,160,3,XING FU SONG,7,566702,138,,,,27,12
289,INHZR,27258,92,KN,6,290,21.974333,167,65.865501,0,0,DENIZ ID,7,414741,70,,,,26,0
279,OM DQM,26617,63,IN,16,,22.125038,165,68.117027,112,,JAL GARUDA,8,766606,85,,,,26,20
257,AERUW,26424,29,IN,19,260,25.173115,174,53.537266,138,0,GREEN ASHA,8,753747,126,,,,28,20
115,LKCMB,24195,74,MH,11,,25.531931,172,57.331097,128,,SAFEEN PIONEER,7,4003328,128,,,,30,10
311,IQ UQR,24166,29,LR,11,313,28.558992,182,50.258507,139,0,TB JINJIANG,7,571634,126,,,,28,14
244,OMSLL,23750,31,SA,11,,21.195467,171,66.104446,133,,FOLK JEDDAH,7,7813976,115,,,,27,9
276,KFK.UAE,23293,31,PA,19,,21.60887,159,66.05896,134,,NEEL,8,755913,86,,,,26,13
89,PKBQM,23226,31,SG,11,90,24.669861,172,58.772835,162,0,X PRESS SALWEEN,7,6607676,118,,,,28,19
290,IN PAV,22844,251,LR,19,,21.158154,159,66.388367,127,,NAVIGATOR LEO,8,3262910,111,,,,25,14
269,,22800,33,LR,147,,28.435766,73,49.165234,20,,ADMARINE 688,3,730017,0,,,,68,22
89,SINGAPORE,22407,28,PA,16,92,27.250509,149,50.659298,125,0,CHEMSTAR RIVER,8,5025857,120,,,,24,16
0,BE ANR,22331,32,CN,139,281,24.303663,186,54.47028,36,,ZHE SHAN,7,7838152,0,,,,46,23
73,RAS AL KHEIMAH,21200,29,CY,73,128,25.796133,136,55.953106,24,0,WILLEM VAN ORANJE,3,125205,0,,,,28,12
279,BHSIT,21117,446,PA,88,,21.125395,149,67.350731,120,,CHEMSTAR TIERRA,8,5462827,106,,,,24,16
103,FJR,20832,37,PA,16,25,28.336559,147,53.881847,126,0,PVT JUPITER,8,712711,425,,,,24,17
112,AE JEA>CN LYG,20766,33,NO,122,,21.147835,199,63.361168,26,,HOEGH TRAPPER,7,6791640,167,,,,40,24
285,SA JUB,19999,730,NO,88,284,22.864218,145,68.730164,117,2,MELDERSKIN,8,3747555,111,,,,24,9
97,AE JEA >> IN IXY,19997,780,KR,88,98,23.691151,147,62.278519,117,0,FREESIA,8,314879,126,,,,24,18
98,,,714,,,,23.659767,,62.525299,,,[SAT-AIS],8,TmpBeU9USTVOakF5T1RJNU5qQXlPUT09LWE5MEYyYTRNbVBEUWlWOUY4UVdKZXc9PQ==,126,Underway using Engine,8,Tanker,,
103,IN KRI,19922,44,PA,42,109,23.781965,149,59.95816,118,0,INUYAMA,7,458586,111,,,,24,17
297,JUBAIL SA,19862,29,HK,88,297,26.515724,145,53.514042,122,0,RUICO SAPPHIRE,8,3598924,126,,,,23,17
88,INMUN,19772,174,PA,88,92,23.959759,144,61.942135,114,,SG FRIENDSHIP,8,407460,108,,,,24,14
133,SG SIN PEBGA,19115,29,PA,122,134,27.736132,199,50.810032,24,0,SARA LEADER,7,5567345,182,,,,36,32
,B.BUSHEHR,18315,29,IR,6,,28.97776,148,50.700848,119,,HANZA,7,722003,0,,,,22,7
107,AE KLF,18135,1314,PA,11,106,23.217192,158,65.114975,140,0,PROSPECT,7,9045256,95,,,,22,11
132,,,596,,,,22.725,,67.186668,,,[SAT-AIS],7,TlRFM05Ua3pOVEUzTlRrek5URTNOUT09LWVWMk90a0tnbFlFYXJ2QjdER25zV3c9PQ==,90,Underway using Engine,7,Cargo Vessel,,
293,OMSOH,18058,935,PA,12,,21.31728,199,66.11116,33,,GRAND DIAMOND,7,462526,158,,,,32,9
292,,,707,,,,21.6758,,65.051918,,,[SAT-AIS],7,TmpVMU1qWTJOalUxTWpZMk5qVTFNZz09LXkxZEdtRmM1Q2ZnYTVVdXFRc2xOUkE9PQ==,162,Underway using Engine,7,Cargo Vessel,,
174,HAIL & GHASHA,17650,48,MH,160,171,24.52087,151,52.901237,108,,SAFEEN 3000,3,708595,0,,,,41,16
119,KAZ ANCHORAGE,16755,28,TG,88,,29.826727,142,48.446583,100,,CABRI,8,465179,69,,,,22,15
284,PK KHI,16465,436,KR,88,,24.949684,149,66.113335,121,,DAEWON,8,412884,75,,,,22,7
275,,,292,,,,24.996662,,65.772789,,,[SAT-AIS],8,TnpVeE9ETTVOelV4T0RNNU56VXhPQT09LVp4MEdOQy9JQ2ZSdUttVnR6MUZ3NUE9PQ==,83,Underway using Engine,8,Tanker,,
100,MUNDRA,14880,417,PA,11,101,24.487879,133,62.98856,32,0,NEWDISCOVERER,7,9262106,90,,,,24,12
330,IRBUZ,13772,35,IR,11,,26.348606,147,56.825275,137,,SHAYAN 1,7,658714,70,,,,23,11
327,IR-BKM,13739,29,IR,11,328,27.653215,147,51.243942,137,-2,YARAN,7,657683,64,,,,23,10
199,RAS LAFFAN,13592,30,LR,132,347,25.740589,158,51.732307,16,0,HONG KUN MEI GUI,3,725901,0,,,,28,14
269,DUBENDI,13470,88,AZ,71,143,40.442833,149,50.283504,137,0,SHAH ISMAYIL KHATAI,8,659121,0,,,,17,13
34,146 AREA,13451,30,AZ,71,350,40.238354,149,49.971615,135,0,PRS HEYDAR ALIYEV,8,659034,0,,,,17,17
280,SOHAR,13051,120,PA,88,,24.518951,128,61.184544,109,,PVT ELENA,8,712618,93,,,,20,10
237,DUBENDI,13030,367,AZ,71,348,40.519718,150,50.279282,140,0,KOROGLU,8,659159,0,,,,17,16
51,AZSAN,12365,40,KZ,71,359,40.192799,149,49.607433,130,0,KAZAKHSTAN,8,666160,0,,,,17,9
204,OFFSHORE GUARD OB,9820,28,FR,118,38,23.829937,140,57.865906,33,0,ILE DE BATZ,3,171692,1,,,,23,11
276,KARACHI PK,9750,1247,PA,11,,24.697687,132,66.431793,113,,AN YANG,7,7236411,79,,,,20,11
0,QA HAMAD,8776,30,CN,27,346,25.329229,108,51.71833,15,0,BO RUN XIAN FENG,7,561220,1,,,,26,11
156,SHAH DENIZ,8452,36,AZ,106,47,39.783283,97,50.439007,18,-14,ISTIGLAL,3,658977,5,,,,71,47
30,TU KRZ,8132,42,RU,9,320,41.4753,141,52.570602,120,0,TIMOFEY GALANIN,7,8108066,1,,,,17,10
172,KARABOGAZ,8131,249,RU,9,75,41.524281,141,52.572433,119,0,ASTROL 6,7,6692683,0,,,,16,9
33,TR KRW,8117,29,RU,9,30,39.939415,141,53.019005,118,0,PETROTRANS 5905,7,6408635,50,,,,16,9
134,ZULUF 2090,8018,63,TV,95,135,28.101217,119,49.434433,35,0,POSH DEEP C,3,149059,88,,,,27,13
149,OKAREM,7970,49,IR,71,239,38.158752,141,53.591034,115,,ZAL PARS 3,8,9284798,0,,,,16,9
212,SANGACHAL,7950,37,AZ,71,305,39.817902,141,52.937733,124,0,KHODJAVAND,8,659003,0,,,,16,1
100,SINGAPORE,7481,33,AG,9,,21.613873,119,63.19397,110,,RIVER MAS,7,360639,103,,,,20,10
327,PKBQM,7154,29,PA,11,322,23.784229,242,67.180161,179,0,MSC SABRINA III,7,418044,101,,,,19,13
0,NEKA,6750,223,IR,9,347,36.840332,139,53.27058,118,0,GILDA,7,658533,0,,,,16,3
162,AMIRABAD,6093,28,IR,9,163,40.179031,123,52.567261,109,0,SITKA,7,379198,55,,,,16,9
228,ALYAT,5991,1205,AZ,12,227,40.010624,154,49.818501,35,2,SHAHDAG,7,659265,113,,,,18,13
123,IN IXY,5560,313,RU,144,,24.600275,100,62.989449,91,0,CRYSTAL VLADIVOSTOK,7,206340,116,,,,18,11
158,ALYAT,5509,386,AZ,9,39,39.927311,108,49.500355,97,0,SHAIR SABIR,7,460506,0,,,,16,16
136,,5005,31,PA,182,275,29.239189,70,48.341915,44,0,ORIENTAL PHOENIX,3,5294460,0,,,,42,30
189,B KHAMIR,5002,28,TG,139,232,26.955954,105,55.652355,6,0,PLUTO,7,9119294,0,,,,21,5
144,,,707,,,,25.33296,,60.547482,,,[SAT-AIS],8,TWpJeE9UZzNNakl4T1RnM01qSXhPUT09LUpyWVJhM3EyMkZZU2lCbVN4Z3JoeEE9PQ==,1,Underway using Engine,8,Tanker,,
193,MOMBASA,4923,32,PA,15,,21.217752,101,59.679173,78,,RMS 1,8,554974,68,,,,16,3
92,LENGEH,4700,28,TG,139,320,26.550159,107,54.886906,15,0,SATURN,7,8088943,0,,,,21,11
133,RAS LAFFAN ANCH,4406,53,VU,132,348,26.159668,79,49.429901,13,0,FLOWERS TIDE,3,4062880,262,,,,21,7
341,"B,LENGEH",4289,29,PA,139,345,26.290882,85,54.970135,7,0,SANA,7,727619,63,,,,28,20
281,KARAN FIELD,4200,28,TV,132,320,27.702864,90,50.017246,29,0,RAWABI 502,3,5350574,27,,,,23,20
255,DOL-2,3821,29,MH,132,324,26.212666,83,52.133327,18,0,SEACOR ALPS,3,759164,3,,,,18,14
120,RU ROV,3709,28,TZ,9,0,25.975868,106,53.189854,108,0,RODION OSLYABYA,7,700823,32,,,,16,6
40,LAM 22,3540,40,TM,132,353,39.439602,72,52.839081,20,,PALWAN,3,872332,2,,,,19,8
,SG,3500,30,SG,147,,28.516886,71,49.535542,37,,ARABDRILL 110,3,7354672,1,,,,69,32
17,TO ORDER,3476,1316,RU,9,22,39.197765,113,49.310284,100,0,GALAN,7,402693,76,,,,13,9
145,AMIRABAD,3263,28,IR,9,145,39.882027,108,52.72794,109,0,PARNA,7,148515,75,,,,15,0
358,AZERI FIELD,3240,36,AZ,132,350,40.199242,73,50.844837,0,0,JABRAYIL,3,758029,10,,,,16,0
269,SAHIL LIMANI,3060,30,AZ,132,279,40.155083,78,50.459167,25,0,CASPIAN ENDEAVOUR,3,659288,80,,,,17,9
271,PS-1,3000,34,QA,132,215,25.666735,64,52.411942,17,0,HALUL 44,3,2112266,0,,,,16,8
227,ZULUF,2946,53,MH,27,310,28.510427,123,49.228409,22,,TOPAZ VOLGA,7,5602691,0,,,,16,8
104,DAR ASSALAM,2870,80,KM,6,,24.588512,79,59.324482,65,,SEA LORD,7,419107,65,,,,13,7
91,FREE PORT,2608,28,AE,2,90,24.678148,70,53.645832,17,,ADNOC A12,3,3414545,86,,,,16,14
273,SFNY,2454,262,SG,132,,28.06496,65,48.781216,51,,POSH GEMSBOK,3,5187848,0,,,,18,1
246,BERRI OILFIELD,2453,30,SG,132,,27.223553,65,49.657761,51,,POSH IMPALA,3,5276031,0,,,,18,1
282,KHARK,2365,473,PA,147,,29.195063,59,50.254341,23,,DCI 1,3,464898,0,,,,55,23
64,HALUL ISLAND,2200,30,LR,2,317,25.385101,65,52.442432,17,0,FOG 10,3,679117,4,,,,16,9
77,UMM LULU FIEID,2049,164,AE,132,304,24.42112,61,54.086727,9,8,ADNOC S06,3,358624,217,,,,14,8
266,TANAJIB,2000,63,SA,132,148,28.157007,59,48.684898,13,,JANA 37,3,4058173,2,,,,13,6
287,UMM.SHAIF/FLD,1900,30,AE,52,288,25.109785,65,53.738529,15,-33,ADNOC A02,3,733159,63,,,,16,10
,GHASA FIELD,1741,32,TG,132,14,24.382299,59,53.388153,30,,AMS ONYX,3,726017,1,,,,14,7
163,ACG YATAGI,1671,39,AZ,132,153,40.11517,61,51.263012,18,,CASPIAN PROTECTOR,3,659236,37,,,,16,7
213,DALMA,1640,29,AE,2,218,24.810419,65,52.669289,11,0,ADNOC A11,3,5535111,81,,,,16,10
163,LAM FIELD,1587,42,TM,54,164,38.807468,63,52.967373,14,-30,ASMAN,3,467417,80,,,,16,11
281,KISH ISLAND,1475,1169,IR,132,270,26.568161,58,54.004139,10,0,DELNIA1,3,698576,0,,,,14,3
251,LAMFILD,1392,28,TM,132,,39.433022,58,52.699707,15,,ILK RYSGAL,3,731803,8,,,,14,7
300,SILA,1380,28,PA,82,252,24.154167,65,51.987148,59,0,MAYAN,3,7527742,0,,,,14,5
208,,1361,34,IR,82,,26.521507,64,56.024014,50,,ARMITAN,3,658093,76,,,,15,7
46,LIVANOVA FIELD,1359,28,TM,132,,39.574593,59,52.528408,14,,ILK CILAVUZ,3,731547,81,,,,14,9
173,HAIL&GHASHA,1356,108,MY,132,13,24.205057,60,52.928612,30,0,KEYFIELD AULIA,3,1899303,8,,,,15,7
,HE BCB,1352,29,TZ,9,,26.707741,61,54.283218,52,,EDRIS,7,7135237,0,,,,12,6
356,CLASS B,1200,659,PA,132,,29.78097,52,50.243961,0,,NUEVO LEON,3,466575,22,,,,12,0
173,AMIRABAD,1160,280,RU,9,171,38.775284,82,52.977699,42,-708,VTS 1,7,345849,68,,,,11,10
295,BUSHEHR,1123,38,IR,9,,27.157808,56,52.857483,40,,SHADAB,7,657658,76,,,,7,5
83,VALANTENO,1109,1049,NL,73,,30.561462,57,47.791779,47,,DOHUK,3,266798,0,,,,12,1
167,,,497,,,,30.561501,,47.791801,,,[SAT-AIS],3,TVRJMk5qWTNNVEkyTmpZM01USTJOZz09LXRZejlFMUxyZ2lUZUZvNjl3RjlINHc9PQ==,0,Moored,3,Tugs & Special Craft,,
0,JASK <<OMAN,1000,1322,IR,82,,26.528219,49,57.074169,0,,NABAVI 2,3,658767,0,,,,14,0
0,BND.JASK<SUWAIQ.OMAN,1000,34,IR,82,,25.646797,49,57.767269,47,,LCT AMIR ABBAS 1,3,658583,0,,,,15,7
320,IRAN*QATAR,1000,35,IR,82,,27.855116,50,51.240261,0,,MORVARID DAYER,3,657611,79,,,,12,0
92,AL RUWAI,1000,33,IR,82,,27.828838,50,51.924858,30,,LIAN 110,3,1068256,0,,,,14,7
97,BUNDUQ FIELD,800,795,VC,28,333,25.089584,50,52.652508,5,,OFCO RESOLUTION,3,727818,8,,,,13,6
134,CHURNA,754,30,PK,54,,24.906267,48,66.615463,11,,LAMNALCO CHAIKA,3,348271,3,,,,12,3
236,,700,771,IR,54,,29.777332,53,50.251564,42,,ESALAT,3,6948699,3,,,,6,4
252,ABU ABYAD,630,29,AE,27,,24.117872,50,53.91,37,,LCT BAAYA 1,7,681504,0,,,,10,7
,,549,84,IR,82,,27.168129,50,56.26474,25,,OMID POL,3,705286,0,,,,12,6
201,AL MIRFA,302,30,AE,82,,24.107994,49,53.489346,49,,LCT REEM MAY,3,681421,17,,,,14,3
,OFFSHOR,220,372,IR,54,,29.931227,30,49.694466,9,,GHODOOS,3,5131641,8,,,,8,4
123,DMC PORT UAE,124,29,PA,33,128,25.447592,41,53.964104,21,0,STANFORD NIGER,3,3560120,108,,,,7,4
145,A,0,46,AE,106,,28.579283,93,52.690849,58,,SHUWEHAT,3,1600325,365,,,,62,30
191,RAS TANURAH,0,36,CY,101,,26.703598,31,50.275272,20,,MEIBION ISLAND,3,125142,64,,,,11,4
198,,0,30,PA,106,,26.104496,70,52.141979,20,,LAFFAN,3,899163,0,,,,76,30
7,CLASS B,,768,IR,,,22.353031,10,60.078949,5,,AL YAHYA 1 94,0,9628649,81,,,,10,5
67,FISING,,654,IR,,,28.42149,0,50.882645,0,,SEA LAMBO,2,9630690,78,,,,0,0
,,,36,SA,,,25.746305,23,50.199306,0,,BASE,3,4687677,0,,,,7,0
,,,39,IR,,,30.191467,0,48.413052,0,0,GREEN 107,1,9459874,,,,,0,0
334,CLASS B,,327,KW,,,29.720606,0,48.106133,14,,447006951,3,9575269,10,,,,0,0
88,CLASS B,,194,QA,,,27.310078,17,53.196457,3,,BIRD 7,6,3477959,715,,,,7,4
150,,,594,,,,23.243334,,68.605003,,,[SAT-AIS],0,TXpZeU9UVTNNell5T1RVM016WXlPUT09LURiaGpBYW0rRm5vU2ZkVU5EQThaNkE9PQ==,0,Underway using Engine,0,Unspecified Ship,,
211,CLASS B,,675,IR,,,25.460157,10,58.685242,5,,ISLAMI NET 2 79,0,9595589,0,,,,10,5
275,CLASS B,,306,IR,,,28.611618,26,50.835304,16,,DANEYAL,2,7986883,65,,,,6,4
276,,,678,AE,,,23.224524,10,58.969692,0,,MELITI VII,3,8599055,45,,,,5,0
,,,1425,AZ,,,41.933334,129,48.799999,0,0,BAKU TRF VHF CH16 67,1,6941454,,,,,0,0
,,,29,--,,,41.694759,0,48.756351,,,VTS 4237000,0,3237693,,,,,0,
231,,,713,QA,,,25.058739,0,51.706787,0,,NQAF267,0,8892375,1430,,,,0,0
117,,,631,IR,,,25.517372,22,58.304241,11,,ALAH MADAD 1,7,7830527,58,,,,7,4
,,,202,--,,,41.048077,0,49.037914,,,VTS 4236000,0,3236289,,,,,0,
11,CLASS B,,771,GB,,,25.882788,10,57.271069,5,,ARMIN 1 65,0,8946200,1,,,,10,5
229,BANDARABASS,,33,IR,82,,26.676971,48,55.273106,8,,ANIS10,3,658497,64,,,,12,6
,RAS QUMAIS,,109,AE,,,24.383108,63,51.579025,33,,AL QAFFAY 2,7,5428576,0,,,,11,5
,,,118,SA,,,25.989096,0,50.063393,,,VTS 994031004,0,5674135,,,,,0,
,,,53,--,,,39.294853,0,49.2341,,,VTS 4235000,0,3388974,,,,,0,
288,CLASS B,,145,IR,,,25.30138,23,59.410065,21,,EHSAN SHARIF,2,8136400,8,,,,8,6
272,CLASS B,,1146,--,,,24.559015,18,51.467213,0,,SAI YANG DIAN ZI,7,8802761,0,,,,5,0
,CLASS B,,65,SA,,,25.2777,0,50.522961,0,,SL168 005 9V,0,5878362,,,,,0,0
